accession,files_present,genome_fna_bytes,proteins_faa_bytes,cds_fna_bytes
AB720063.2,"cds.fna,genome.fna,proteins.faa",44552,14730,42296
AB720064.1,"cds.fna,genome.fna,proteins.faa",43638,14471,42075
AE017220.1,genome.fna,4835060,,
AP008979.1,"cds.fna,genome.fna,proteins.faa",44466,16891,46552
AP008986.1,"cds.fna,genome.fna,proteins.faa",47372,14825,47776
AP018399.1,"cds.fna,genome.fna,proteins.faa",390223,183319,400809
AY299121.1,"cds.fna,genome.fna,proteins.faa",45059,12444,44579
AY374448.1,"cds.fna,genome.fna,proteins.faa",52389,14977,53371
AY394005.1,"cds.fna,genome.fna,proteins.faa",38202,16145,40577
AY682195.1,"cds.fna,genome.fna,proteins.faa",133455,47845,125006
AY986977.1,"cds.fna,genome.fna,proteins.faa",56645,23032,58972
DQ222855.1,"cds.fna,genome.fna,proteins.faa",38670,16083,39788
DQ777876.1,"cds.fna,genome.fna,proteins.faa",45210,16074,45032
EF177456.2,"cds.fna,genome.fna,proteins.faa",43233,20061,45420
EU710883.1,"cds.fna,genome.fna,proteins.faa",85838,39308,87623
EU717894.1,"cds.fna,genome.fna,proteins.faa",44763,19312,43089
FJ373894.1,"cds.fna,genome.fna,proteins.faa",160320,63032,167162
FQ312032.1,"cds.fna,genome.fna,proteins.faa",159357,61373,166156
GQ357915.1,"cds.fna,genome.fna,proteins.faa",159787,70103,169139
GU070616.1,"cds.fna,genome.fna,proteins.faa",148104,64437,161055
GU296433.1,"cds.fna,genome.fna,proteins.faa",137030,48378,138745
HM004124.1,"cds.fna,genome.fna,proteins.faa",172429,96088,183608
HM246720.1,"cds.fna,genome.fna,proteins.faa",54076,14299,55394
JN022534.1,"cds.fna,genome.fna,proteins.faa",50757,24653,53229
JN882285.1,"cds.fna,genome.fna,proteins.faa",363848,165741,389469
JN882298.1,"cds.fna,genome.fna,proteins.faa",43270,7869,36792
JQ015307.1,"cds.fna,genome.fna,proteins.faa",144439,77543,149618
KF005317.1,"cds.fna,genome.fna,proteins.faa",105458,41265,94631
KF005318.1,"cds.fna,genome.fna,proteins.faa",103241,38482,93826
KF005319.1,"cds.fna,genome.fna,proteins.faa",102120,33048,92722
KF005320.1,"cds.fna,genome.fna,proteins.faa",105586,30587,95878
KF148055.1,"cds.fna,genome.fna,proteins.faa",44121,24180,46808
KF623293.1,"cds.fna,genome.fna,proteins.faa",78998,30855,80832
KF626665.1,"cds.fna,genome.fna,proteins.faa",56990,21040,60067
KF626666.1,"cds.fna,genome.fna,proteins.faa",44543,15652,44879
KF626667.1,"cds.fna,genome.fna,proteins.faa",44617,12697,45959
KF626668.1,"cds.fna,genome.fna,proteins.faa",56437,21449,59753
KF771236.1,"cds.fna,genome.fna,proteins.faa",47448,23438,50502
KF771237.1,"cds.fna,genome.fna,proteins.faa",47578,27526,49857
KF771238.1,"cds.fna,genome.fna,proteins.faa",47165,22968,50796
KF771239.1,"cds.fna,genome.fna,proteins.faa",46461,20587,49280
KF787094.1,"cds.fna,genome.fna,proteins.faa",74769,26931,78101
KF787095.1,"cds.fna,genome.fna,proteins.faa",73420,25903,79461
KJ628499.1,"cds.fna,genome.fna,proteins.faa",106471,54023,112207
KP202971.1,"cds.fna,genome.fna,proteins.faa",82759,35190,87136
KU197013.1,"cds.fna,genome.fna,proteins.faa",45556,11173,46226
KU197014.1,"cds.fna,genome.fna,proteins.faa",49997,21512,53687
KU595432.1,"cds.fna,genome.fna,proteins.faa",44533,15998,45167
KU595433.1,"cds.fna,genome.fna,proteins.faa",44950,17256,44291
KX241618.1,"cds.fna,genome.fna,proteins.faa",61417,32250,63065
KX356061.1,"cds.fna,genome.fna,proteins.faa",138569,52219,134580
KX356062.1,"cds.fna,genome.fna,proteins.faa",18493,4186,18849
KX356063.1,"cds.fna,genome.fna,proteins.faa",142175,58750,142771
KX356064.1,"cds.fna,genome.fna,proteins.faa",142177,58316,143319
KX356065.1,"cds.fna,genome.fna,proteins.faa",142175,56741,143338
KX356066.1,"cds.fna,genome.fna,proteins.faa",142964,61458,146198
KX356067.1,"cds.fna,genome.fna,proteins.faa",143905,67684,145717
KY210139.1,"cds.fna,genome.fna,proteins.faa",46789,24922,47922
LC890683.1,"cds.fna,genome.fna,proteins.faa",43898,21282,44433
LC901396.1,"cds.fna,genome.fna,proteins.faa",67468,26514,69498
MF375456.1,"cds.fna,genome.fna,proteins.faa",45291,10425,47290
MF988720.1,"cds.fna,genome.fna,proteins.faa",144304,58490,144492
MG944227.1,"cds.fna,genome.fna,proteins.faa",46907,14896,48124
MG944228.1,"cds.fna,genome.fna,proteins.faa",47196,7985,49521
MG944229.1,"cds.fna,genome.fna,proteins.faa",50373,27191,52783
MG944230.1,"cds.fna,genome.fna,proteins.faa",48127,20625,49515
MG944231.1,"cds.fna,genome.fna,proteins.faa",46995,18507,49232
MG944232.1,"cds.fna,genome.fna,proteins.faa",46992,20739,49343
MG944233.1,"cds.fna,genome.fna,proteins.faa",49417,21689,52694
MG944234.1,"cds.fna,genome.fna,proteins.faa",47220,20504,48757
MG944235.1,"cds.fna,genome.fna,proteins.faa",46678,19794,49249
MG944236.1,"cds.fna,genome.fna,proteins.faa",47771,20112,50664
MG983743.2,"cds.fna,genome.fna,proteins.faa",77484,26653,78808
MH059633.1,"cds.fna,genome.fna,proteins.faa",62881,26065,65391
MH191395.1,"cds.fna,genome.fna,proteins.faa",62766,23785,63403
MH517022.1,"cds.fna,genome.fna,proteins.faa",145311,59711,148846
MK095605.1,"cds.fna,genome.fna,proteins.faa",46819,22506,53213
MK095606.1,"cds.fna,genome.fna,proteins.faa",51958,24073,58314
MK388689.1,"cds.fna,genome.fna,proteins.faa",75835,33750,84826
MK580972.1,"cds.fna,genome.fna,proteins.faa",162203,77579,166549
MK903278.1,"cds.fna,genome.fna,proteins.faa",45136,18867,48569
MN047793.1,"cds.fna,genome.fna,proteins.faa",313494,124734,300539
MN062187.1,"cds.fna,genome.fna,proteins.faa",43987,18546,47325
MN304816.1,"cds.fna,genome.fna,proteins.faa",48230,22877,50369
MN364664.1,"cds.fna,genome.fna,proteins.faa",159408,65737,162056
MN461279.1,"cds.fna,genome.fna,proteins.faa",48141,19938,49304
MT119766.1,"cds.fna,genome.fna,proteins.faa",40605,19386,43380
MT161381.1,"cds.fna,genome.fna,proteins.faa",45455,20390,49702
MT161382.1,"cds.fna,genome.fna,proteins.faa",44768,20151,49328
MT161383.1,"cds.fna,genome.fna,proteins.faa",44836,20152,49527
MT161384.1,"cds.fna,genome.fna,proteins.faa",44551,19610,48466
MT161385.1,"cds.fna,genome.fna,proteins.faa",61334,24673,66382
MT161386.1,"cds.fna,genome.fna,proteins.faa",62002,26876,67901
MT161387.1,"cds.fna,genome.fna,proteins.faa",61934,28080,67887
MT653137.1,"cds.fna,genome.fna,proteins.faa",43443,18722,42908
MT664984.1,"cds.fna,genome.fna,proteins.faa",64747,27451,66253
MT708549.1,"cds.fna,genome.fna,proteins.faa",69424,35674,74391
MT740307.1,"cds.fna,genome.fna,proteins.faa",100247,59401,103419
MT939492.1,"cds.fna,genome.fna,proteins.faa",235476,70315,236742
MT951568.1,"cds.fna,genome.fna,proteins.faa",43497,18313,46715
MT980839.1,"cds.fna,genome.fna,proteins.faa",38363,18760,39525
MW082583.1,"cds.fna,genome.fna,proteins.faa",40417,13160,42212
MW435566.1,"cds.fna,genome.fna,proteins.faa",46673,20169,49201
MW802488.1,"cds.fna,genome.fna,proteins.faa",44400,15558,44300
MW822535.1,"cds.fna,genome.fna,proteins.faa",44463,18510,47770
MW822536.1,"cds.fna,genome.fna,proteins.faa",44421,19642,45766
MW822537.1,"cds.fna,genome.fna,proteins.faa",44420,18010,47743
MW822538.1,"cds.fna,genome.fna,proteins.faa",44507,18425,47665
MW822539.1,"cds.fna,genome.fna,proteins.faa",44500,18624,48039
MW825358.1,"cds.fna,genome.fna,proteins.faa",310080,120496,314826
MZ089741.2,"cds.fna,genome.fna,proteins.faa",62199,21088,67667
MZ326867.1,"cds.fna,genome.fna,proteins.faa",46392,29920,51899
MZ345003.1,"cds.fna,genome.fna,proteins.faa",43555,18569,46804
MZ357961.1,"cds.fna,genome.fna,proteins.faa",109489,37667,110583
MZ611865.1,"cds.fna,genome.fna,proteins.faa",45209,17787,46499
MZ666965.1,"genome.fna,proteins.faa",39066,1,
MZ666966.1,"genome.fna,proteins.faa",41802,1,
NC_003309.1,"cds.fna,genome.fna,proteins.faa",54193,25421,54691
NC_004313.1,"cds.fna,genome.fna,proteins.faa",40776,13654,41115
NC_004456.1,"cds.fna,genome.fna,proteins.faa",43864,16278,40676
NC_004902.1,"cds.fna,genome.fna,proteins.faa",45060,15826,45798
NC_005178.1,"cds.fna,genome.fna,proteins.faa",38199,14662,40636
NC_005833.1,"cds.fna,genome.fna,proteins.faa",49585,20727,51751
NC_005857.1,"cds.fna,genome.fna,proteins.faa",52393,14989,53929
NC_006565.1,"cds.fna,genome.fna,proteins.faa",133456,53573,127648
NC_007024.1,"cds.fna,genome.fna,proteins.faa",56620,27834,58939
NC_007709.1,"cds.fna,genome.fna,proteins.faa",44474,14206,46302
NC_007710.1,"cds.fna,genome.fna,proteins.faa",47373,21041,47543
NC_009232.2,"cds.fna,genome.fna,proteins.faa",43234,19175,45363
NC_009543.1,"cds.fna,genome.fna,proteins.faa",45211,16273,45580
NC_009603.1,"cds.fna,genome.fna,proteins.faa",47084,24120,49392
NC_011811.1,"cds.fna,genome.fna,proteins.faa",85839,45625,86803
NC_012742.1,"cds.fna,genome.fna,proteins.faa",44764,17780,43626
NC_013420.1,"cds.fna,genome.fna,proteins.faa",91781,39652,88513
NC_013599.1,"cds.fna,genome.fna,proteins.faa",37249,25093,38267
NC_013693.1,"cds.fna,genome.fna,proteins.faa",160321,61600,165654
NC_013697.1,"cds.fna,genome.fna,proteins.faa",159788,69613,168817
NC_014663.1,"cds.fna,genome.fna,proteins.faa",172430,90027,182569
NC_014765.1,"cds.fna,genome.fna,proteins.faa",201420,51674,209668
NC_015464.1,"cds.fna,genome.fna,proteins.faa",137031,47137,138855
NC_016071.1,"cds.fna,genome.fna,proteins.faa",148105,75801,160336
NC_017981.1,"cds.fna,genome.fna,proteins.faa",50758,36339,53209
NC_019401.1,"cds.fna,genome.fna,proteins.faa",363849,159224,389405
NC_019520.1,"cds.fna,genome.fna,proteins.faa",43271,13709,36807
NC_019933.2,"cds.fna,genome.fna,proteins.faa",44553,17439,42216
NC_020201.1,"cds.fna,genome.fna,proteins.faa",144440,74852,149734
NC_020205.1,"cds.fna,genome.fna,proteins.faa",43639,8719,42113
NC_021532.1,"cds.fna,genome.fna,proteins.faa",105459,46767,94872
NC_021777.1,"cds.fna,genome.fna,proteins.faa",44122,21243,46868
NC_022982.1,"cds.fna,genome.fna,proteins.faa",44544,11920,44914
NC_022987.1,"cds.fna,genome.fna,proteins.faa",44618,15755,46035
NC_023556.1,"cds.fna,genome.fna,proteins.faa",73421,23356,79503
NC_023569.1,"cds.fna,genome.fna,proteins.faa",78999,34213,80876
NC_024784.1,"cds.fna,genome.fna,proteins.faa",47166,21791,50894
NC_024789.1,"cds.fna,genome.fna,proteins.faa",46462,26049,49379
NC_024793.1,"cds.fna,genome.fna,proteins.faa",47579,23152,49952
NC_027989.1,"cds.fna,genome.fna,proteins.faa",54077,20954,55581
NC_029075.1,"cds.fna,genome.fna,proteins.faa",82760,30201,87281
NC_030928.1,"cds.fna,genome.fna,proteins.faa",44534,15316,45211
NC_030937.1,"cds.fna,genome.fna,proteins.faa",44951,18103,44355
NC_031280.1,"cds.fna,genome.fna,proteins.faa",106472,60406,112274
NC_042344.1,"cds.fna,genome.fna,proteins.faa",56991,22120,60152
NC_042345.1,"cds.fna,genome.fna,proteins.faa",56438,22378,59843
NC_047762.1,"cds.fna,genome.fna,proteins.faa",45557,11992,46288
NC_047840.1,"cds.fna,genome.fna,proteins.faa",45292,22440,47351
NC_047962.1,"cds.fna,genome.fna,proteins.faa",62882,20943,65420
NC_048137.1,"cds.fna,genome.fna,proteins.faa",51959,30226,58328
NC_048147.1,"cds.fna,genome.fna,proteins.faa",62767,22710,63436
NC_048703.1,"cds.fna,genome.fna,proteins.faa",77485,26428,78910
NC_048751.1,"cds.fna,genome.fna,proteins.faa",75836,37933,84935
NC_048771.1,"cds.fna,genome.fna,proteins.faa",140726,69995,138639
NC_049463.1,"cds.fna,genome.fna,proteins.faa",77389,35665,80664
NC_052966.1,"cds.fna,genome.fna,proteins.faa",61418,21923,63153
NC_054458.1,"cds.fna,genome.fna,proteins.faa",46908,19145,48108
NC_054459.1,"cds.fna,genome.fna,proteins.faa",47221,20075,48746
NC_054460.1,"cds.fna,genome.fna,proteins.faa",46790,16006,47889
NC_054461.1,"cds.fna,genome.fna,proteins.faa",48142,18953,49325
NC_055835.1,"cds.fna,genome.fna,proteins.faa",45456,22186,49676
NC_055836.1,"cds.fna,genome.fna,proteins.faa",44769,24049,49303
NC_055837.1,"cds.fna,genome.fna,proteins.faa",44837,4818,49493
NC_055838.1,"cds.fna,genome.fna,proteins.faa",44552,1,48449
NC_055839.1,"cds.fna,genome.fna,proteins.faa",61335,29961,66362
NC_069155.1,"cds.fna,genome.fna,proteins.faa",40418,15183,42272
NC_069744.1,"cds.fna,genome.fna,proteins.faa",43988,17712,47331
NC_069745.1,"cds.fna,genome.fna,proteins.faa",44242,16813,47215
NC_070951.1,"cds.fna,genome.fna,proteins.faa",163721,80934,182888
NC_072499.1,"cds.fna,genome.fna,proteins.faa",59004,23156,63368
NC_073026.1,genome.fna,57415,,
NC_073029.1,genome.fna,63436,,
NC_073030.1,genome.fna,60285,,
NC_073032.1,genome.fna,65214,,
NC_073033.1,genome.fna,64900,,
NC_073034.1,genome.fna,65096,,
NC_073035.1,genome.fna,64067,,
NC_073036.1,genome.fna,65159,,
NC_073093.1,"cds.fna,genome.fna,proteins.faa",44935,21828,48890
NC_073094.1,"cds.fna,genome.fna,proteins.faa",45472,21108,49507
NC_073095.1,"cds.fna,genome.fna,proteins.faa",44478,23459,48415
NC_073205.1,"cds.fna,genome.fna,proteins.faa",43261,16415,44110
NC_101820.1,"cds.fna,genome.fna,proteins.faa",51550,23512,54364
NC_101840.1,"cds.fna,genome.fna,proteins.faa",50566,22382,52573
NC_102108.1,"cds.fna,genome.fna,proteins.faa",112579,43212,109883
NC_102127.1,"cds.fna,genome.fna,proteins.faa",46126,20681,50355
NC_102382.1,"cds.fna,genome.fna,proteins.faa",50020,25082,52843
NC_102606.1,"cds.fna,genome.fna,proteins.faa",50448,22426,52859
NC_104261.1,"cds.fna,genome.fna,proteins.faa",37505,16023,39184
NC_104262.1,"cds.fna,genome.fna,proteins.faa",37899,10473,39156
NC_104263.1,"cds.fna,genome.fna,proteins.faa",37094,19175,38411
NC_104265.1,"cds.fna,genome.fna,proteins.faa",37825,15264,40238
NC_104266.1,"cds.fna,genome.fna,proteins.faa",38364,18845,39584
NC_104812.1,"cds.fna,genome.fna,proteins.faa",50805,21298,48958
NC_105105.1,"cds.fna,genome.fna,proteins.faa",50063,16931,54305
NC_105106.1,"cds.fna,genome.fna,proteins.faa",50972,22076,55491
NC_105433.1,"cds.fna,genome.fna,proteins.faa",52169,33249,56489
NC_105436.1,"cds.fna,genome.fna,proteins.faa",52042,10472,56244
NC_105617.1,"cds.fna,genome.fna,proteins.faa",51497,27819,54162
NC_105618.1,"cds.fna,genome.fna,proteins.faa",51249,21938,52604
NC_105619.1,"cds.fna,genome.fna,proteins.faa",49743,22460,51382
NC_105788.1,"cds.fna,genome.fna,proteins.faa",50454,25074,53990
NC_107481.1,"cds.fna,genome.fna,proteins.faa",37440,17311,38454
NC_107631.1,"cds.fna,genome.fna,proteins.faa",50846,15725,51196
NC_108342.1,"cds.fna,genome.fna,proteins.faa",18108,6787,17888
NC_108593.1,"cds.fna,genome.fna,proteins.faa",21035,9461,21795
NC_109358.1,"cds.fna,genome.fna,proteins.faa",50929,16593,52955
NC_111368.1,"cds.fna,genome.fna,proteins.faa",28467,12873,27246
NC_111369.1,"cds.fna,genome.fna,proteins.faa",43814,21890,45002
NC_111375.1,"cds.fna,genome.fna,proteins.faa",25853,9494,25361
NC_111484.1,"cds.fna,genome.fna,proteins.faa",50532,19042,53652
NC_112025.1,"cds.fna,genome.fna,proteins.faa",52899,29389,53551
NC_112270.1,"cds.fna,genome.fna,proteins.faa",42882,13293,43855
NC_128954.1,"cds.fna,genome.fna,proteins.faa",49998,23861,53766
NC_129615.1,"cds.fna,genome.fna,proteins.faa",153266,57963,152105
NC_129764.1,"cds.fna,genome.fna,proteins.faa",51891,27356,54120
NC_129888.1,"cds.fna,genome.fna,proteins.faa",52429,21844,55210
NC_130781.1,"cds.fna,genome.fna,proteins.faa",52726,18028,56530
OK258138.1,"cds.fna,genome.fna,proteins.faa",45011,16279,44751
OK258140.1,"cds.fna,genome.fna,proteins.faa",45753,17429,44889
OK275492.1,"cds.fna,genome.fna,proteins.faa",65060,23825,67511
OK275493.1,"cds.fna,genome.fna,proteins.faa",64558,24124,66798
OK275494.1,"cds.fna,genome.fna,proteins.faa",48231,20732,48978
OK275495.1,"cds.fna,genome.fna,proteins.faa",45984,17259,46066
OK513034.1,"cds.fna,genome.fna,proteins.faa",96026,36129,99982
OK624832.1,"cds.fna,genome.fna,proteins.faa",65709,31501,69429
OK625815.1,"cds.fna,genome.fna,proteins.faa",19139,9608,19415
OK913679.1,"cds.fna,genome.fna,proteins.faa",43578,18042,45963
OK913680.1,"cds.fna,genome.fna,proteins.faa",43681,18568,46348
OL333533.1,"cds.fna,genome.fna,proteins.faa",158042,70018,155243
OL436139.1,"cds.fna,genome.fna,proteins.faa",43260,13412,44053
OM373206.1,"cds.fna,genome.fna,proteins.faa",111745,48779,111214
OM867526.1,"cds.fna,genome.fna,proteins.faa",108821,40805,102919
OM867527.1,"cds.fna,genome.fna,proteins.faa",71174,25013,72767
OM967031.1,"cds.fna,genome.fna,proteins.faa",46149,21771,46193
ON189042.1,"cds.fna,genome.fna,proteins.faa",44934,14633,48824
ON189043.1,"cds.fna,genome.fna,proteins.faa",45471,18238,49440
ON189044.1,"cds.fna,genome.fna,proteins.faa",44477,22505,48345
ON189045.1,"cds.fna,genome.fna,proteins.faa",63286,24716,64810
ON189046.1,"cds.fna,genome.fna,proteins.faa",41133,18288,42365
ON189047.1,"cds.fna,genome.fna,proteins.faa",60143,26344,63827
ON189048.1,"cds.fna,genome.fna,proteins.faa",56376,25432,59952
ON711490.1,"cds.fna,genome.fna,proteins.faa",45319,22790,51255
ON758385.1,"cds.fna,genome.fna,proteins.faa",202132,105574,208151
ON911538.2,"cds.fna,genome.fna,proteins.faa",44241,21013,47246
ON911539.2,"cds.fna,genome.fna,proteins.faa",43535,16185,46065
ON911540.2,"cds.fna,genome.fna,proteins.faa",59003,24867,63293
ON932078.1,"cds.fna,genome.fna,proteins.faa",43687,18603,45898
ON932079.1,"cds.fna,genome.fna,proteins.faa",57279,15998,59983
ON932080.1,"cds.fna,genome.fna,proteins.faa",63916,27797,67548
ON932081.1,"cds.fna,genome.fna,proteins.faa",43559,19032,45969
ON932082.1,"cds.fna,genome.fna,proteins.faa",44387,19561,47568
ON932083.1,"cds.fna,genome.fna,proteins.faa",43923,12052,46349
ON932084.1,"cds.fna,genome.fna,proteins.faa",65005,25438,69288
ON932085.1,"cds.fna,genome.fna,proteins.faa",43706,21985,46513
ON960072.2,"cds.fna,genome.fna,proteins.faa",44394,11408,45633
ON996340.1,"cds.fna,genome.fna,proteins.faa",47001,23782,49737
OP067662.1,"cds.fna,genome.fna,proteins.faa",46766,12301,48442
OP292654.1,"cds.fna,genome.fna,proteins.faa",373209,164769,385904
OP413789.1,"cds.fna,genome.fna,proteins.faa",45403,16414,45310
OP548052.1,"cds.fna,genome.fna,proteins.faa",45113,19730,47162
OP583591.1,"cds.fna,genome.fna,proteins.faa",45304,17587,45045
OP583592.1,"cds.fna,genome.fna,proteins.faa",45921,15404,44485
OP583593.1,"cds.fna,genome.fna,proteins.faa",43181,20375,40449
OP583594.1,"cds.fna,genome.fna,proteins.faa",45013,12977,43667
OP583595.1,"cds.fna,genome.fna,proteins.faa",45921,15229,44523
OP752703.1,"cds.fna,genome.fna,proteins.faa",324260,167262,340693
OP948730.1,"cds.fna,genome.fna,proteins.faa",45185,19307,45801
OQ055246.1,"cds.fna,genome.fna,proteins.faa",100284,41321,99702
OQ427096.1,"cds.fna,genome.fna,proteins.faa",202966,80999,208048
OQ435241.1,"genome.fna,proteins.faa",45089,1,
OQ436456.1,"cds.fna,genome.fna,proteins.faa",108144,47588,105614
OQ446483.1,"genome.fna,proteins.faa",45088,1,
OQ446484.1,"genome.fna,proteins.faa",44686,1,
OQ446485.1,"genome.fna,proteins.faa",43001,1,
OQ446486.1,"genome.fna,proteins.faa",45088,1,
OQ446487.1,"genome.fna,proteins.faa",45089,1,
OQ446488.1,"genome.fna,proteins.faa",44841,1,
OQ603349.1,"genome.fna,proteins.faa",41891,1,
OQ603350.1,"genome.fna,proteins.faa",41215,1,
OQ603351.1,"genome.fna,proteins.faa",99596,1,
OQ603352.1,"genome.fna,proteins.faa",41311,1,
OQ603353.1,"genome.fna,proteins.faa",230734,1,
OQ603354.1,"genome.fna,proteins.faa",45125,1,
OQ603355.1,"genome.fna,proteins.faa",43623,1,
OQ603356.1,"genome.fna,proteins.faa",65100,1,
OQ622092.1,"cds.fna,genome.fna,proteins.faa",43937,14942,36997
OQ676962.1,"cds.fna,genome.fna,proteins.faa",45940,21919,46322
OQ756160.1,"cds.fna,genome.fna,proteins.faa",61956,24827,63727
OQ790161.1,"cds.fna,genome.fna,proteins.faa",316712,114804,320729
OQ818705.1,"cds.fna,genome.fna,proteins.faa",75380,32382,79448
OQ863049.1,"cds.fna,genome.fna,proteins.faa",47131,20501,50501
OR122686.1,"cds.fna,genome.fna,proteins.faa",41989,12550,42636
OR209256.1,"cds.fna,genome.fna,proteins.faa",43844,17962,44843
OR258281.1,"cds.fna,genome.fna,proteins.faa",354005,156128,368574
OR500351.1,"cds.fna,genome.fna,proteins.faa",44727,26048,49260
OR529408.1,"cds.fna,genome.fna,proteins.faa",110737,51143,115144
OR529409.1,"cds.fna,genome.fna,proteins.faa",255855,84052,261463
OR540302.1,"cds.fna,genome.fna,proteins.faa",67221,29758,71521
OR729839.1,"cds.fna,genome.fna,proteins.faa",43632,13793,44732
OR797040.1,"cds.fna,genome.fna,proteins.faa",161886,78905,174980
OR797041.1,"cds.fna,genome.fna,proteins.faa",42532,15449,45416
OR797042.1,"cds.fna,genome.fna,proteins.faa",67050,32100,69596
OR797043.1,"cds.fna,genome.fna,proteins.faa",43866,12770,46100
OR797044.1,"cds.fna,genome.fna,proteins.faa",65706,26573,71413
OR797045.1,"cds.fna,genome.fna,proteins.faa",57437,19490,60910
OR797046.1,"cds.fna,genome.fna,proteins.faa",41117,19242,45220
OR820514.1,"cds.fna,genome.fna,proteins.faa",56423,19811,60435
OR838459.1,"cds.fna,genome.fna,proteins.faa",67332,36017,73090
OR842880.1,"cds.fna,genome.fna,proteins.faa",45838,21000,48721
OR966858.1,"cds.fna,genome.fna,proteins.faa",43999,20508,46059
OR997969.1,"cds.fna,genome.fna,proteins.faa",46766,19672,50632
OR997970.1,"cds.fna,genome.fna,proteins.faa",41489,18257,43999
OZ418229.1,"cds.fna,genome.fna,proteins.faa",51191,13348,49417
OZ418230.1,"cds.fna,genome.fna,proteins.faa",43190,16848,44298
OZ418233.1,"cds.fna,genome.fna,proteins.faa",41022,16911,42455
OZ418234.1,"cds.fna,genome.fna,proteins.faa",42163,13532,43385
OZ453044.1,"cds.fna,genome.fna,proteins.faa",38150,17307,41848
PP079413.1,"cds.fna,genome.fna,proteins.faa",44663,18426,45121
PP079414.1,"cds.fna,genome.fna,proteins.faa",43760,15016,43178
PP079415.1,"cds.fna,genome.fna,proteins.faa",45008,19119,46322
PP079416.1,"cds.fna,genome.fna,proteins.faa",43775,18084,44739
PP079417.1,"cds.fna,genome.fna,proteins.faa",44428,14944,46138
PP079418.1,"cds.fna,genome.fna,proteins.faa",47147,23789,49463
PP179318.1,"cds.fna,genome.fna,proteins.faa",114098,44438,117610
PP179325.1,"cds.fna,genome.fna,proteins.faa",92941,39369,94645
PP179326.1,"cds.fna,genome.fna,proteins.faa",46714,10643,50407
PP179327.1,"cds.fna,genome.fna,proteins.faa",45693,18947,48036
PP179328.1,"cds.fna,genome.fna,proteins.faa",46067,19989,49454
PP179329.1,"cds.fna,genome.fna,proteins.faa",46039,5531,49642
PP313117.1,"cds.fna,genome.fna,proteins.faa",49738,20120,49121
PP391659.1,"cds.fna,genome.fna,proteins.faa",45645,16531,42250
PP391660.1,"cds.fna,genome.fna,proteins.faa",45657,16309,41731
PP391661.1,"cds.fna,genome.fna,proteins.faa",46238,18984,47881
PP391662.1,"cds.fna,genome.fna,proteins.faa",46383,13923,35867
PP391663.1,"cds.fna,genome.fna,proteins.faa",46235,19048,48073
PP391664.1,"cds.fna,genome.fna,proteins.faa",46278,15482,39528
PP431385.1,"cds.fna,genome.fna,proteins.faa",16648,4747,16186
PP475461.1,"cds.fna,genome.fna,proteins.faa",115214,48602,120103
PP550502.1,"cds.fna,genome.fna,proteins.faa",62607,37119,63439
PP554396.1,"cds.fna,genome.fna,proteins.faa",44184,9921,45156
PP566124.1,"cds.fna,genome.fna,proteins.faa",40874,16590,41718
PP747256.1,"cds.fna,genome.fna,proteins.faa",62332,26058,63680
PP756300.1,"cds.fna,genome.fna,proteins.faa",64759,26350,66642
PP780467.1,"cds.fna,genome.fna,proteins.faa",44180,18066,45867
PP816325.1,"cds.fna,genome.fna,proteins.faa",64654,31220,64997
PP895208.1,"cds.fna,genome.fna,proteins.faa",15202,10255,18021
PP895209.1,"cds.fna,genome.fna,proteins.faa",15174,9240,18042
PP895210.1,"cds.fna,genome.fna,proteins.faa",15087,9708,18059
PP895211.1,"cds.fna,genome.fna,proteins.faa",15188,11227,18020
PP921743.1,"cds.fna,genome.fna,proteins.faa",45614,13854,47493
PP921744.1,"cds.fna,genome.fna,proteins.faa",44187,12001,48252
PP932004.1,"cds.fna,genome.fna,proteins.faa",43765,17964,45848
PP952055.1,"cds.fna,genome.fna,proteins.faa",45336,17184,47544
PQ067315.1,"cds.fna,genome.fna,proteins.faa",11165,4897,12138
PQ072796.2,"genome.fna,proteins.faa",48900,1,
PQ074228.1,"cds.fna,genome.fna,proteins.faa",50605,33294,56356
PQ093899.1,"cds.fna,genome.fna,proteins.faa",41747,15743,41620
PQ111865.1,"cds.fna,genome.fna,proteins.faa",58643,23004,58601
PQ305824.1,"cds.fna,genome.fna,proteins.faa",45969,17494,50119
PQ338056.1,"cds.fna,genome.fna,proteins.faa",45193,28134,47341
PQ358089.1,"cds.fna,genome.fna,proteins.faa",26229,12396,28814
PQ434692.1,"cds.fna,genome.fna,proteins.faa",110052,43268,115468
PQ434693.1,"cds.fna,genome.fna,proteins.faa",43427,19345,42241
PQ476032.1,"cds.fna,genome.fna,proteins.faa",45095,18176,46092
PQ492157.1,"cds.fna,genome.fna,proteins.faa",50600,34489,54512
PQ492158.1,"cds.fna,genome.fna,proteins.faa",43285,18611,44665
PQ492159.1,"cds.fna,genome.fna,proteins.faa",43285,19344,43742
PQ492160.1,"cds.fna,genome.fna,proteins.faa",43670,14235,44806
PQ492161.1,"cds.fna,genome.fna,proteins.faa",43662,17396,44868
PQ492162.1,"cds.fna,genome.fna,proteins.faa",43750,15912,43813
PQ498454.1,"cds.fna,genome.fna,proteins.faa",43742,13979,44842
PQ498455.1,"cds.fna,genome.fna,proteins.faa",43748,13799,45190
PQ498456.1,"cds.fna,genome.fna,proteins.faa",43755,9246,44383
PQ498457.1,"cds.fna,genome.fna,proteins.faa",43791,13812,40956
PQ498458.1,"cds.fna,genome.fna,proteins.faa",50605,27012,55431
PQ498459.1,"cds.fna,genome.fna,proteins.faa",50605,24934,55707
PQ498460.1,"cds.fna,genome.fna,proteins.faa",43670,14226,43014
PQ498461.1,"cds.fna,genome.fna,proteins.faa",50609,26916,56464
PQ498462.1,"cds.fna,genome.fna,proteins.faa",50607,34310,56650
PQ569993.1,"cds.fna,genome.fna,proteins.faa",92845,44767,97550
PQ571267.1,"cds.fna,genome.fna,proteins.faa",46180,24370,48236
PQ571275.1,"cds.fna,genome.fna,proteins.faa",58432,22491,59211
PQ571276.1,"cds.fna,genome.fna,proteins.faa",58386,21765,57738
PQ571287.1,"cds.fna,genome.fna,proteins.faa",154631,50745,152427
PQ571292.1,"cds.fna,genome.fna,proteins.faa",38619,15907,40685
PQ571296.1,"cds.fna,genome.fna,proteins.faa",44344,21399,45593
PQ618007.1,"cds.fna,genome.fna,proteins.faa",37602,23371,42408
PQ628237.3,"cds.fna,genome.fna,proteins.faa",62597,21181,65422
PQ632788.4,"cds.fna,genome.fna,proteins.faa",62553,24840,65623
PQ634339.1,"cds.fna,genome.fna,proteins.faa",37915,20362,41850
PQ758588.1,"cds.fna,genome.fna,proteins.faa",49563,17384,49952
PQ805431.1,"cds.fna,genome.fna,proteins.faa",46074,17452,50259
PQ821741.1,"cds.fna,genome.fna,proteins.faa",41502,7875,38238
PQ821891.1,"cds.fna,genome.fna,proteins.faa",44076,15816,46938
PQ826431.1,"genome.fna,proteins.faa",153337,1,
PQ890122.1,"cds.fna,genome.fna,proteins.faa",113164,49312,120314
PV012638.1,"cds.fna,genome.fna,proteins.faa",44579,14548,45020
PV037644.1,"cds.fna,genome.fna,proteins.faa",47802,27347,46158
PV037726.1,"cds.fna,genome.fna,proteins.faa",44498,21200,48452
PV130723.1,"cds.fna,genome.fna,proteins.faa",163488,68531,180181
PV130724.1,"cds.fna,genome.fna,proteins.faa",161914,69236,178462
PV130725.1,"cds.fna,genome.fna,proteins.faa",62784,32571,69569
PV130726.1,"cds.fna,genome.fna,proteins.faa",63120,36992,70152
PV156121.1,"cds.fna,genome.fna,proteins.faa",64948,24633,66693
PV224507.1,"cds.fna,genome.fna,proteins.faa",43735,16337,46052
PV231355.1,"cds.fna,genome.fna,proteins.faa",226252,88538,233106
PV261948.1,"cds.fna,genome.fna,proteins.faa",149561,66102,160928
PV296012.1,"cds.fna,genome.fna,proteins.faa",159403,69668,165181
PV408261.1,"cds.fna,genome.fna,proteins.faa",46824,18935,48410
PV426909.1,"cds.fna,genome.fna,proteins.faa",142411,68898,150905
PV426910.1,"cds.fna,genome.fna,proteins.faa",144084,54436,151145
PV449003.1,"cds.fna,genome.fna,proteins.faa",159725,71881,161110
PV504775.1,"cds.fna,genome.fna,proteins.faa",44254,16983,49557
PV504776.1,"cds.fna,genome.fna,proteins.faa",46596,21992,52081
PV506377.1,"cds.fna,genome.fna,proteins.faa",47332,20325,49573
PV506378.1,"cds.fna,genome.fna,proteins.faa",41619,30950,42095
PV695472.1,"cds.fna,genome.fna,proteins.faa",41872,18162,44344
PV695473.1,"cds.fna,genome.fna,proteins.faa",41872,13643,44344
PV702347.1,"cds.fna,genome.fna,proteins.faa",47960,19056,51023
PV714881.1,"cds.fna,genome.fna,proteins.faa",43594,11447,43778
PV754127.1,"cds.fna,genome.fna,proteins.faa",47610,21062,50918
PV764598.1,"cds.fna,genome.fna,proteins.faa",48458,20655,52029
PV764599.1,"cds.fna,genome.fna,proteins.faa",47511,20443,50193
PV764600.1,"cds.fna,genome.fna,proteins.faa",48562,27000,51721
PV764601.1,"cds.fna,genome.fna,proteins.faa",230958,95335,251299
PV764602.1,"cds.fna,genome.fna,proteins.faa",232050,99935,252575
PV764603.1,"cds.fna,genome.fna,proteins.faa",232485,102739,252943
PV796108.1,"cds.fna,genome.fna,proteins.faa",237204,87625,245862
PV844446.1,"cds.fna,genome.fna,proteins.faa",46612,31094,52210
PV915868.1,"cds.fna,genome.fna,proteins.faa",51609,32816,55788
PV915871.1,"cds.fna,genome.fna,proteins.faa",62033,25690,65875
PV915872.1,"cds.fna,genome.fna,proteins.faa",68406,27368,73289
PV915874.1,"cds.fna,genome.fna,proteins.faa",42663,23829,47050
PV915877.1,"cds.fna,genome.fna,proteins.faa",59253,33800,63982
PV915878.1,"cds.fna,genome.fna,proteins.faa",62454,25480,66471
PV915887.1,"cds.fna,genome.fna,proteins.faa",72544,34953,79747
PV915889.1,"cds.fna,genome.fna,proteins.faa",52163,33236,56102
PV915890.1,"cds.fna,genome.fna,proteins.faa",52169,20550,57325
PV915895.1,"cds.fna,genome.fna,proteins.faa",57393,33761,63710
PV915896.1,"cds.fna,genome.fna,proteins.faa",59649,25423,66606
PV915901.1,"cds.fna,genome.fna,proteins.faa",69923,27606,76119
PV915902.1,"cds.fna,genome.fna,proteins.faa",56291,26900,61843
PV920691.1,"cds.fna,genome.fna,proteins.faa",92428,26318,88655
PV940981.1,"cds.fna,genome.fna,proteins.faa",157380,73965,164593
PV940982.1,"cds.fna,genome.fna,proteins.faa",72128,30992,76617
PV940985.1,"cds.fna,genome.fna,proteins.faa",156823,72556,166457
PV940986.1,"cds.fna,genome.fna,proteins.faa",70446,25354,75745
PV940988.1,"cds.fna,genome.fna,proteins.faa",71860,37677,79518
PV940996.1,"cds.fna,genome.fna,proteins.faa",157758,77806,165578
PV940998.1,"cds.fna,genome.fna,proteins.faa",155776,68129,161079
PV941000.1,"cds.fna,genome.fna,proteins.faa",157269,68778,164422
PV976809.1,"cds.fna,genome.fna,proteins.faa",284514,109165,291004
PV976849.1,"cds.fna,genome.fna,proteins.faa",17315,4116,17368
PV985310.1,"cds.fna,genome.fna,proteins.faa",142325,62846,147279
PX021331.1,"cds.fna,genome.fna,proteins.faa",63086,22155,66143
PX021573.1,"cds.fna,genome.fna,proteins.faa",43849,21443,47931
PX021574.1,"cds.fna,genome.fna,proteins.faa",43848,21143,47939
PX021575.1,"cds.fna,genome.fna,proteins.faa",142324,62477,146590
PX023499.1,"genome.fna,proteins.faa",160815,1,
PX068454.1,"cds.fna,genome.fna,proteins.faa",137631,1430,140834
PX068455.1,"cds.fna,genome.fna,proteins.faa",138621,57189,142590
PX068456.1,"cds.fna,genome.fna,proteins.faa",148166,64408,154942
PX091869.1,"cds.fna,genome.fna,proteins.faa",39655,11528,42106
PX091870.1,"cds.fna,genome.fna,proteins.faa",39700,23131,42049
PX091871.1,"cds.fna,genome.fna,proteins.faa",40627,16990,43550
PX091872.1,"cds.fna,genome.fna,proteins.faa",42225,25538,44408
PX102495.1,"cds.fna,genome.fna,proteins.faa",43883,19587,47698
PX132564.1,"cds.fna,genome.fna,proteins.faa",48312,11973,49959
PX237226.1,"cds.fna,genome.fna,proteins.faa",42413,8924,43511
PX259653.1,"cds.fna,genome.fna,proteins.faa",43212,27395,46005
PX260327.1,"cds.fna,genome.fna,proteins.faa",46580,17573,49402
PX260991.1,"cds.fna,genome.fna,proteins.faa",38136,9815,41814
PX278216.1,"cds.fna,genome.fna,proteins.faa",17812,2655,18190
PX310626.1,"cds.fna,genome.fna,proteins.faa",63499,12260,50090
PX376716.1,"cds.fna,genome.fna,proteins.faa",17820,2891,19035
PX377017.1,"cds.fna,genome.fna,proteins.faa",39294,7966,41132
PX380000.1,"cds.fna,genome.fna,proteins.faa",44037,12086,43424
PX393108.1,"cds.fna,genome.fna,proteins.faa",169697,86311,183906
PX393109.1,"cds.fna,genome.fna,proteins.faa",115172,54508,121468
PX393110.1,"cds.fna,genome.fna,proteins.faa",114588,41909,121617
PX395730.1,"cds.fna,genome.fna,proteins.faa",44005,19617,46280
PX408737.1,"cds.fna,genome.fna,proteins.faa",293048,95518,299242
PX408738.1,"cds.fna,genome.fna,proteins.faa",95393,33668,102787
PX408739.1,"cds.fna,genome.fna,proteins.faa",43773,16935,48148
PX418225.1,"cds.fna,genome.fna,proteins.faa",300417,107826,316364
PX418226.1,"cds.fna,genome.fna,proteins.faa",95297,43916,98565
PX418922.1,"cds.fna,genome.fna,proteins.faa",152014,83543,161803
PX418923.1,"cds.fna,genome.fna,proteins.faa",50782,20982,53250
PX418924.1,"cds.fna,genome.fna,proteins.faa",39115,10133,38732
PX418925.1,"cds.fna,genome.fna,proteins.faa",287120,99082,294917
PX418926.1,"cds.fna,genome.fna,proteins.faa",43954,13559,46375
PX421306.1,"genome.fna,proteins.faa",170023,1,
PX433293.1,"genome.fna,proteins.faa",43940,1,
PX441352.1,"genome.fna,proteins.faa",66650,1,
PX444441.1,"cds.fna,genome.fna,proteins.faa",46380,19171,49843
PX505723.1,"cds.fna,genome.fna,proteins.faa",159882,97440,172732
PX516693.1,"cds.fna,genome.fna,proteins.faa",50080,19197,53228
PX529685.1,"cds.fna,genome.fna,proteins.faa",40238,11291,39730
PX530545.1,"genome.fna,proteins.faa",212944,1,
PX530551.1,"cds.fna,genome.fna,proteins.faa",42839,18345,42223
PX550013.1,"cds.fna,genome.fna,proteins.faa",141931,78946,152018
PX550014.1,"cds.fna,genome.fna,proteins.faa",139929,72698,149678
PX572931.1,"cds.fna,genome.fna,proteins.faa",53817,27556,55262
PX585177.1,"cds.fna,genome.fna,proteins.faa",280887,149700,303182
PX596716.1,"cds.fna,genome.fna,proteins.faa",95480,40187,96042
PX630731.1,"cds.fna,genome.fna,proteins.faa",45821,20267,50108
PX630732.1,"cds.fna,genome.fna,proteins.faa",45821,19950,50336
PX630733.1,"cds.fna,genome.fna,proteins.faa",46386,20925,50762
PX630734.1,"cds.fna,genome.fna,proteins.faa",45820,22267,50434
PX630735.1,"cds.fna,genome.fna,proteins.faa",46516,20647,51209
PX630736.1,"cds.fna,genome.fna,proteins.faa",45867,14535,50269
PX630737.1,"cds.fna,genome.fna,proteins.faa",45843,30183,50287
PX630738.1,"cds.fna,genome.fna,proteins.faa",45867,21890,50302
PX630739.1,"cds.fna,genome.fna,proteins.faa",45802,18575,50350
PX630740.1,"cds.fna,genome.fna,proteins.faa",45822,31592,50393
PX630741.1,"cds.fna,genome.fna,proteins.faa",45547,18670,49703
PX651399.1,"cds.fna,genome.fna,proteins.faa",43838,23142,45282
PX651400.1,"cds.fna,genome.fna,proteins.faa",40561,17393,42581
PX651401.1,"cds.fna,genome.fna,proteins.faa",40005,11438,40690
PX651402.1,"cds.fna,genome.fna,proteins.faa",106490,36942,106100
PX651403.1,"cds.fna,genome.fna,proteins.faa",109039,40071,108230
PX651718.1,"cds.fna,genome.fna,proteins.faa",53765,17033,53175
PX654436.1,"cds.fna,genome.fna,proteins.faa",150757,66219,157714
PX655697.1,"cds.fna,genome.fna,proteins.faa",142937,63805,150003
PX667142.1,"cds.fna,genome.fna,proteins.faa",132591,11624,52194
PX670425.1,"genome.fna,proteins.faa",62355,1,
PX673948.1,"cds.fna,genome.fna,proteins.faa",47651,1,46586
PX673949.1,"cds.fna,genome.fna,proteins.faa",102307,32702,98476
PX674298.1,"cds.fna,genome.fna,proteins.faa",155181,74340,147412
PX677422.1,"cds.fna,genome.fna,proteins.faa",48437,19998,49728
PX680747.1,"cds.fna,genome.fna,proteins.faa",43088,19905,45182
PX680748.1,"cds.fna,genome.fna,proteins.faa",77023,23067,77641
PX682299.1,"cds.fna,genome.fna,proteins.faa",44032,27292,48753
PX682300.1,"cds.fna,genome.fna,proteins.faa",44497,22624,48385
PX682301.1,"cds.fna,genome.fna,proteins.faa",43174,19544,48028
PX682302.1,"cds.fna,genome.fna,proteins.faa",45561,20434,49909
PX682303.1,"cds.fna,genome.fna,proteins.faa",46533,20532,50528
PX682304.1,"cds.fna,genome.fna,proteins.faa",45433,20609,50160
PX682305.1,"cds.fna,genome.fna,proteins.faa",43113,19353,47686
PX682306.1,"cds.fna,genome.fna,proteins.faa",46860,20782,51109
PX682307.1,"cds.fna,genome.fna,proteins.faa",46886,20896,51300
PX682308.1,"cds.fna,genome.fna,proteins.faa",45201,20427,49558
PX682309.1,"cds.fna,genome.fna,proteins.faa",45251,20521,49994
PX682310.1,"cds.fna,genome.fna,proteins.faa",45379,20523,50023
PX682311.1,"cds.fna,genome.fna,proteins.faa",44602,20463,49820
PX682312.1,"cds.fna,genome.fna,proteins.faa",44828,20620,50021
PX682313.1,"cds.fna,genome.fna,proteins.faa",45074,20481,50049
PX682314.1,"cds.fna,genome.fna,proteins.faa",44654,20381,49889
PX682315.1,"cds.fna,genome.fna,proteins.faa",46838,20297,50488
PX682316.1,"cds.fna,genome.fna,proteins.faa",45512,20444,50102
PX682317.1,"cds.fna,genome.fna,proteins.faa",45251,20521,49994
PX682318.1,"cds.fna,genome.fna,proteins.faa",46434,20620,50631
PX682319.1,"cds.fna,genome.fna,proteins.faa",46838,20150,50048
PX682320.1,"cds.fna,genome.fna,proteins.faa",45511,20387,50101
PX682321.1,"cds.fna,genome.fna,proteins.faa",43894,19605,47960
PX682322.1,"cds.fna,genome.fna,proteins.faa",45417,20358,49711
PX682323.1,"cds.fna,genome.fna,proteins.faa",47471,21040,51309
PX682324.1,"cds.fna,genome.fna,proteins.faa",45634,20448,49714
PX682327.1,"cds.fna,genome.fna,proteins.faa",46741,21201,51489
PX682328.1,"cds.fna,genome.fna,proteins.faa",46372,20681,50857
PX682329.1,"cds.fna,genome.fna,proteins.faa",47657,21292,51762
PX682330.1,"cds.fna,genome.fna,proteins.faa",47665,21038,51456
PX725649.1,"cds.fna,genome.fna,proteins.faa",43791,12926,45741
PX725670.1,"cds.fna,genome.fna,proteins.faa",94200,54183,99735
PX753197.1,"cds.fna,genome.fna,proteins.faa",44880,14200,48600
PX753198.1,"cds.fna,genome.fna,proteins.faa",44880,18638,47930
PX753199.1,"cds.fna,genome.fna,proteins.faa",45126,18694,48404
PX787798.1,"cds.fna,genome.fna,proteins.faa",17290,6696,16680
PX789324.1,"cds.fna,genome.fna,proteins.faa",59699,21841,64760
PX789325.1,"cds.fna,genome.fna,proteins.faa",61763,17298,66980
PX789326.1,"cds.fna,genome.fna,proteins.faa",61004,30875,66184
PX789327.1,"cds.fna,genome.fna,proteins.faa",61088,18826,66482
PX789328.1,"cds.fna,genome.fna,proteins.faa",65704,30993,70453
PX789329.1,"cds.fna,genome.fna,proteins.faa",57845,26245,60379
PX789330.1,"cds.fna,genome.fna,proteins.faa",45416,22906,49671
PX828561.1,"cds.fna,genome.fna,proteins.faa",75965,29689,79544
PX828562.1,"cds.fna,genome.fna,proteins.faa",75838,26391,79027
PX828563.1,"cds.fna,genome.fna,proteins.faa",75965,30206,78281
PX828564.1,"cds.fna,genome.fna,proteins.faa",57201,22479,59688
PX842512.1,"cds.fna,genome.fna,proteins.faa",158558,63846,160419
PX842636.1,"cds.fna,genome.fna,proteins.faa",44104,22073,45286
PX842708.1,"cds.fna,genome.fna,proteins.faa",138321,67515,136106
PX843004.1,"cds.fna,genome.fna,proteins.faa",50742,23757,53408
PX843005.1,"cds.fna,genome.fna,proteins.faa",49996,24904,49801
PX843006.1,"cds.fna,genome.fna,proteins.faa",46547,21447,48417
PX843241.1,"cds.fna,genome.fna,proteins.faa",43900,16934,45276
PX843242.1,"cds.fna,genome.fna,proteins.faa",43523,16083,46484
PX843243.1,"cds.fna,genome.fna,proteins.faa",43483,17810,46721
PX843244.1,"cds.fna,genome.fna,proteins.faa",41376,13793,41035
PX843245.1,"cds.fna,genome.fna,proteins.faa",64234,18097,67803
PX843246.1,"cds.fna,genome.fna,proteins.faa",45898,14667,47507
PX848770.1,"cds.fna,genome.fna,proteins.faa",135777,75334,138365
PX852194.1,"cds.fna,genome.fna,proteins.faa",88998,20272,85456
PX852245.1,"cds.fna,genome.fna,proteins.faa",65058,14256,65253
PX853108.1,"cds.fna,genome.fna,proteins.faa",72889,29842,72480
PX853812.1,"cds.fna,genome.fna,proteins.faa",170347,73067,181298
PX854772.1,"cds.fna,genome.fna,proteins.faa",42187,11400,43187
PX866597.1,"cds.fna,genome.fna,proteins.faa",155411,69436,162029
PX866599.1,"cds.fna,genome.fna,proteins.faa",39831,21148,42265
PX866600.1,"cds.fna,genome.fna,proteins.faa",145357,61115,142921
PX866601.1,"cds.fna,genome.fna,proteins.faa",157136,83097,164524
PX866603.1,"cds.fna,genome.fna,proteins.faa",81648,31802,81671
PX866605.1,"cds.fna,genome.fna,proteins.faa",57934,29653,63151
PX866611.1,"cds.fna,genome.fna,proteins.faa",60913,22759,65572
PX866612.1,"cds.fna,genome.fna,proteins.faa",61988,33183,68153
PX866998.1,"cds.fna,genome.fna,proteins.faa",43498,17548,44977
PX871048.2,"cds.fna,genome.fna,proteins.faa",44279,170,49596
PX872122.1,"cds.fna,genome.fna,proteins.faa",136826,61926,142739
PX872532.1,"cds.fna,genome.fna,proteins.faa",21316,5208,21987
PX872915.1,"cds.fna,genome.fna,proteins.faa",50158,23567,53728
PX872916.1,"cds.fna,genome.fna,proteins.faa",43829,16130,47675
PX872917.1,"cds.fna,genome.fna,proteins.faa",40753,20118,43027
PX872919.1,"cds.fna,genome.fna,proteins.faa",41822,13435,42514
PX872920.1,"cds.fna,genome.fna,proteins.faa",40857,8725,40443
PX872921.1,"cds.fna,genome.fna,proteins.faa",41286,10407,39707
PX872922.1,"cds.fna,genome.fna,proteins.faa",50199,19016,53364
PX872923.1,"cds.fna,genome.fna,proteins.faa",46902,26419,51711
PX880098.1,"cds.fna,genome.fna,proteins.faa",45383,13818,49976
PX880099.1,"cds.fna,genome.fna,proteins.faa",154387,83353,171378
PX880100.1,"cds.fna,genome.fna,proteins.faa",110137,52779,116863
PX880101.1,"cds.fna,genome.fna,proteins.faa",137294,71997,150054
PX880102.1,"cds.fna,genome.fna,proteins.faa",168702,76269,185573
PX880103.1,"cds.fna,genome.fna,proteins.faa",167923,79412,184532
PX884078.1,"genome.fna,proteins.faa",290715,1,
PX884079.1,"genome.fna,proteins.faa",284276,1,
PX884080.1,"genome.fna,proteins.faa",67052,1,
PX907400.1,"cds.fna,genome.fna,proteins.faa",43990,29362,48741
PX907401.1,"cds.fna,genome.fna,proteins.faa",44691,14228,48582
PX907402.1,"cds.fna,genome.fna,proteins.faa",45007,24056,48810
PX907403.1,"cds.fna,genome.fna,proteins.faa",45553,18270,49108
PX907404.1,"cds.fna,genome.fna,proteins.faa",51717,24633,56040
PX943558.1,"cds.fna,genome.fna,proteins.faa",41728,15534,42651
PX943615.1,"cds.fna,genome.fna,proteins.faa",44673,13242,43536
PX943855.1,"cds.fna,genome.fna,proteins.faa",141530,61526,150847
PX943856.1,"cds.fna,genome.fna,proteins.faa",157203,53258,171933
PX944703.1,"cds.fna,genome.fna,proteins.faa",39175,10462,40536
PX944704.1,"cds.fna,genome.fna,proteins.faa",89016,48586,93368
PX944705.1,"cds.fna,genome.fna,proteins.faa",159537,61520,171351
PX944706.1,"cds.fna,genome.fna,proteins.faa",113919,58912,119862
PX944707.1,"cds.fna,genome.fna,proteins.faa",112953,66842,119061
PX944708.1,"cds.fna,genome.fna,proteins.faa",161858,66957,173078
PX944709.1,"cds.fna,genome.fna,proteins.faa",114005,65129,120084
PX944710.1,"cds.fna,genome.fna,proteins.faa",87440,47810,91035
PX946034.1,"cds.fna,genome.fna,proteins.faa",115621,54086,112222
PX946180.1,"cds.fna,genome.fna,proteins.faa",38914,13149,38898
PX946874.1,"genome.fna,proteins.faa",65249,1,
PX946875.1,"genome.fna,proteins.faa",51151,1,
PX951411.1,"cds.fna,genome.fna,proteins.faa",92864,47605,95439
PX962436.1,"cds.fna,genome.fna,proteins.faa",48864,15839,47901
PX963123.1,"cds.fna,genome.fna,proteins.faa",50851,22412,54689
PX963124.1,"cds.fna,genome.fna,proteins.faa",42987,21639,47016
PX963126.1,"cds.fna,genome.fna,proteins.faa",43740,15861,47799
PX963128.1,"cds.fna,genome.fna,proteins.faa",110011,50639,116586
PX963129.1,"cds.fna,genome.fna,proteins.faa",43409,14321,46069
PX963130.1,"cds.fna,genome.fna,proteins.faa",63904,11769,70484
PX963132.1,"cds.fna,genome.fna,proteins.faa",43965,1,46539
PX968304.1,"cds.fna,genome.fna,proteins.faa",45714,1,54963
PX968319.1,"genome.fna,proteins.faa",94234,1,
PX969073.1,"cds.fna,genome.fna,proteins.faa",43379,14522,46951
PX969074.1,"cds.fna,genome.fna,proteins.faa",46139,29588,50812
PX969075.1,"cds.fna,genome.fna,proteins.faa",41345,12339,44704
PX969080.1,"cds.fna,genome.fna,proteins.faa",38851,9812,39330
PX969468.1,"cds.fna,genome.fna,proteins.faa",142253,52944,145301
PX974237.1,"cds.fna,genome.fna,proteins.faa",45446,19948,48242
PX974238.1,genome.fna,50389,,
PX974239.1,"cds.fna,genome.fna,proteins.faa",44429,19838,50056
PX974311.1,"cds.fna,genome.fna,proteins.faa",42115,17927,42215
PX974331.1,"cds.fna,genome.fna,proteins.faa",41494,10312,40919
PX974332.1,"cds.fna,genome.fna,proteins.faa",49285,19490,52894
PX974333.1,"cds.fna,genome.fna,proteins.faa",49750,22537,52534
PX974340.1,"cds.fna,genome.fna,proteins.faa",26096,10512,22762
PX974351.1,"cds.fna,genome.fna,proteins.faa",45063,15036,43480
PX979746.1,"genome.fna,proteins.faa",60210,1,
PX994957.1,"cds.fna,genome.fna,proteins.faa",169886,78123,184151
PX997083.1,"cds.fna,genome.fna,proteins.faa",43608,18110,46069
PX997131.1,"cds.fna,genome.fna,proteins.faa",49756,28418,55633
PZ000613.1,"cds.fna,genome.fna,proteins.faa",78078,35136,79334
PZ000615.1,"cds.fna,genome.fna,proteins.faa",52765,24563,55278
PZ000751.1,"cds.fna,genome.fna,proteins.faa",50923,22700,51791
PZ000752.1,"cds.fna,genome.fna,proteins.faa",40918,12371,40688
PZ005745.1,"cds.fna,genome.fna,proteins.faa",284948,102723,293617
PZ014354.1,"cds.fna,genome.fna,proteins.faa",47211,22804,51547
PZ019082.1,"cds.fna,genome.fna,proteins.faa",41246,18660,45206
PZ019083.1,"cds.fna,genome.fna,proteins.faa",41783,22076,46135
PZ019084.1,"cds.fna,genome.fna,proteins.faa",168838,74702,185079
PZ019085.1,"cds.fna,genome.fna,proteins.faa",170892,76156,187679
PZ019086.1,"cds.fna,genome.fna,proteins.faa",172289,79396,189439
PZ019799.1,"cds.fna,genome.fna,proteins.faa",48634,21739,53033
PZ019800.1,"cds.fna,genome.fna,proteins.faa",48159,21371,52197
PZ019801.1,"cds.fna,genome.fna,proteins.faa",48157,21479,52506
PZ019802.1,"cds.fna,genome.fna,proteins.faa",48146,21798,52559
PZ019803.1,"cds.fna,genome.fna,proteins.faa",48160,21466,52193
PZ020097.1,"cds.fna,genome.fna,proteins.faa",113892,63403,119186
PZ020098.1,"cds.fna,genome.fna,proteins.faa",113918,63772,119281
PZ022450.1,"genome.fna,proteins.faa",177160,1,
PZ025973.1,"cds.fna,genome.fna,proteins.faa",18182,4404,18163
PZ026127.1,"cds.fna,genome.fna,proteins.faa",173854,74640,189898
PZ027503.1,"genome.fna,proteins.faa",153155,1,
PZ036784.1,"cds.fna,genome.fna,proteins.faa",40109,14701,39172
PZ043209.1,"cds.fna,genome.fna,proteins.faa",46224,18866,50741
PZ048998.1,"cds.fna,genome.fna,proteins.faa",43196,20395,44532
PZ049337.1,"cds.fna,genome.fna,proteins.faa",53786,22991,52047
PZ049338.1,"cds.fna,genome.fna,proteins.faa",68496,37369,71136
PZ049449.1,"genome.fna,proteins.faa",110802,1,
PZ049694.1,"cds.fna,genome.fna,proteins.faa",170934,68099,151320
PZ050807.1,"cds.fna,genome.fna,proteins.faa",45891,17873,47764
PZ050808.1,"cds.fna,genome.fna,proteins.faa",53552,24708,57953
PZ051231.1,"cds.fna,genome.fna,proteins.faa",136847,63715,142742
PZ051232.1,"cds.fna,genome.fna,proteins.faa",140348,58792,145418
PZ053910.1,"cds.fna,genome.fna,proteins.faa",64534,21121,70216
PZ053911.1,"cds.fna,genome.fna,proteins.faa",67682,26099,73548
PZ053912.1,"cds.fna,genome.fna,proteins.faa",172518,71353,183047
PZ055531.1,"cds.fna,genome.fna,proteins.faa",40019,1,42393
PZ055532.1,"cds.fna,genome.fna,proteins.faa",43748,18152,47136
PZ055533.1,"cds.fna,genome.fna,proteins.faa",149351,88723,165253
PZ055534.1,"cds.fna,genome.fna,proteins.faa",111579,44796,118777
PZ055535.1,"cds.fna,genome.fna,proteins.faa",44602,18927,48915
PZ055536.1,"cds.fna,genome.fna,proteins.faa",40019,10487,42174
PZ055537.1,"cds.fna,genome.fna,proteins.faa",50120,16158,54098
PZ055538.1,"cds.fna,genome.fna,proteins.faa",50279,30118,54306
PZ055573.1,"cds.fna,genome.fna,proteins.faa",41373,17666,44538
PZ055574.1,"cds.fna,genome.fna,proteins.faa",40914,12247,43577
PZ055575.1,"cds.fna,genome.fna,proteins.faa",40839,15789,43493
PZ055576.1,"cds.fna,genome.fna,proteins.faa",41071,15929,43753
PZ069137.1,"cds.fna,genome.fna,proteins.faa",48451,22470,54019
PZ091928.1,"cds.fna,genome.fna,proteins.faa",41669,15514,40441
PZ091942.1,"cds.fna,genome.fna,proteins.faa",79109,32967,80630
PZ099256.1,"cds.fna,genome.fna,proteins.faa",63309,34375,66999
PZ099670.1,"cds.fna,genome.fna,proteins.faa",48079,25354,49715
PZ099671.1,"cds.fna,genome.fna,proteins.faa",114320,36721,112243
PZ105927.1,"cds.fna,genome.fna,proteins.faa",40929,11476,36751
PZ122515.1,"cds.fna,genome.fna,proteins.faa",37996,14051,41992
PZ122516.1,"cds.fna,genome.fna,proteins.faa",94428,50682,105551
PZ125038.1,"cds.fna,genome.fna,proteins.faa",137817,52787,142151
PZ125052.1,"genome.fna,proteins.faa",41849,1,
PZ145240.1,"genome.fna,proteins.faa",58332,1,
PZ145241.1,"genome.fna,proteins.faa",69718,1,
PZ145242.1,"genome.fna,proteins.faa",69718,1,
PZ145244.1,"genome.fna,proteins.faa",57130,1,
PZ171032.1,"cds.fna,genome.fna,proteins.faa",137143,64756,147951
PZ171033.1,"cds.fna,genome.fna,proteins.faa",74062,26216,79073
PZ171034.1,"cds.fna,genome.fna,proteins.faa",74066,20136,79456
PZ171035.1,"cds.fna,genome.fna,proteins.faa",73119,31096,78442
PZ172977.1,"cds.fna,genome.fna,proteins.faa",77863,42252,85843
PZ172978.1,"cds.fna,genome.fna,proteins.faa",72283,44094,75876
PZ172979.1,"cds.fna,genome.fna,proteins.faa",53037,20840,57389
PZ172980.1,"cds.fna,genome.fna,proteins.faa",71796,24842,77799
PZ172981.1,"cds.fna,genome.fna,proteins.faa",53408,28639,57288
PZ193109.1,"cds.fna,genome.fna,proteins.faa",97014,44726,100789
PZ212788.1,"cds.fna,genome.fna,proteins.faa",132996,71193,143613
PZ223989.1,"cds.fna,genome.fna,proteins.faa",50986,21858,51850
PZ223990.1,"cds.fna,genome.fna,proteins.faa",51814,19087,52851
PZ226539.1,"cds.fna,genome.fna,proteins.faa",94613,40486,98338
PZ226540.1,"cds.fna,genome.fna,proteins.faa",310836,127946,329355
PZ227171.1,"cds.fna,genome.fna,proteins.faa",50301,21341,52092
PZ232053.1,"cds.fna,genome.fna,proteins.faa",43407,701,46204
